rts_id,Seq,Full_ID,category,geneName,chr,start,end
RTS0108626,CAACCACTGAGT,NCOA3_Hg19_109882.1:552,variant,NCOA3,chr20,47546895,47546938
RTS0108627,TCACAGACCGTT,NCOA3_Hg19_127322.1:57,variant,NCOA3,chr20,47529950,47529999
RTS0108628,GGATACAAGGAA,NCOA3_Hg19_142858.1:174,variant,NCOA3,chr20,47514297,47514346
RTS0108629,CCGCATCCTCGA,NCOA3_Hg19_15076.1:13,variant,NCOA3,chr20,47642240,47642274
RTS0108630,GAGGCATAAGCG,NCOA3_Hg19_153414.1:44,variant,NCOA3,chr20,47503871,47503920
RTS0108631,CTGTCTGCGACG,NCOA3_Hg19_3252.1:369,variant,NCOA3,chr20,47653708,47653757
RTS0108632,GAAGTTCTTGGC,NCOA3_Hg19_35691.1:282,variant,NCOA3,chr20,47621356,47621405
RTS0108633,TTGTAAGACATA,NCOA3_Hg19_55941.1:192,variant,NCOA3,chr20,47601196,47601245
RTS0108634,GATCTGATGGAT,NCOA3_Hg19_69970.1:223,variant,NCOA3,chr20,47587136,47587185
RTS0108635,TAAGTCAACCAT,NCOA3_Hg19_98613.1:154,variant,NCOA3,chr20,47558562,47558611
RTS0108636,CCAGCCATAGTC,BRCA1_000.1:15018,variant,BRCA1,chr17,43058814,43058863
RTS0108637,GGATGTAAGCAG,BRCA1_000.1:27264,variant,BRCA1,chr17,43071068,43071109
RTS0108638,AGCCTGACTAGA,BRCA1_000.1:35029,variant,BRCA1,chr17,43078825,43078874
RTS0108639,AGCCAAGCCATC,BRCA1_000.1:43465,variant,BRCA1,chr17,43087261,43087310
RTS0108640,CAAGTTAAGGTC,BRCA1_000.1:472,variant,BRCA1,chr17,43044268,43044317
RTS0108641,AGTCGCCAGCGT,BRCA1_000.1:49136,variant,BRCA1,chr17,43092932,43092981
RTS0108642,GATGTAGTTCTT,BRCA1_000.1:55773,variant,BRCA1,chr17,43099569,43099618
RTS0108643,TGTCTGGAAGAT,BRCA1_000.1:71036,variant,BRCA1,chr17,43114832,43114881
RTS0108644,TCCTTACCACTC,BRCA1_000.1:81654,variant,BRCA1,chr17,43125450,43125499
RTS0108645,TGCACTACACCA,BRCA1_000.1:8828,variant,BRCA1,chr17,43052624,43052673
RTS0108646,CGTATGGACCTT,NKX2_1_545.1:16,variant,NKX2_1,chr14,36516458,36516507
RTS0108647,ACGATTCGCGAG,NKX2_1_545.1:122,variant,NKX2_1,chr14,36516564,36516613
RTS0108648,GTTCTGGTTATA,NKX2_1_903.1:95,variant,NKX2_1,chr14,36516910,36516944
RTS0108649,TGGATTAATTGA,NKX2_1_1095.1:126,variant,NKX2_1,chr14,36517126,36517207
RTS0108650,CCGCTGAGACTC,NKX2_1_1095.1:287,variant,NKX2_1,chr14,36517290,36517328
RTS0108651,CTGTCGATAGTT,NKX2_1_1970.1:364,variant,NKX2_1,chr14,36518244,36518280
RTS0108652,GGAACGAAGCAA,NKX2_1_2553.1:9,variant,NKX2_1,chr14,36518474,36518508
RTS0108653,GACCTCGCTGAA,NKX2_1_3391.1:159,variant,NKX2_1,chr14,36519447,36519496
RTS0108654,TACACGAGCATC,NKX2_1_3762.1:214,variant,NKX2_1,chr14,36519881,36519922
RTS0108655,CGGACCACGAGT,NKX2_1_3762.1:518,variant,NKX2_1,chr14,36520192,36520226
RTS0108656,TCCAGTACGTCT,PDE4D_134476.1:44,variant,PDE4D,chr5,59103058,59103107
RTS0108657,CGTTGGTCATGC,PDE4D_254387.1:5,variant,PDE4D,chr5,59222931,59222980
RTS0108658,GAATTGCCAGAG,PDE4D_288738.1:93,variant,PDE4D,chr5,59257372,59257419
RTS0108659,GGATGGACACGT,PDE4D_388816.1:62,variant,PDE4D,chr5,59357417,59357466
RTS0108660,CACGAGTGCTTA,PDE4D_453996.1:558,variant,PDE4D,chr5,59423093,59423142
RTS0108661,CACGTAGGTGGC,PDE4D_536654.1:162,variant,PDE4D,chr5,59505355,59505404
RTS0108662,ACCTCCTGATGT,PDE4D_652972.1:100,variant,PDE4D,chr5,59621618,59621660
RTS0108663,GTGTTCTCCGAT,PDE4D_737844.1:177,variant,PDE4D,chr5,59706560,59706609
RTS0108664,CTTGCCTAGTGG,PDE4D_85500.1:1679,variant,PDE4D,chr5,59055717,59055766
RTS0108665,CCAAGAAGCCTC,PDE4D_877539.1:106,variant,PDE4D,chr5,59846184,59846233
RTS0108666,ATTAGGTCAATG,ZNF217_Hg19_10178.1:57,variant,ZNF217,chr20,53576806,53576854
RTS0108667,GTGATGGACGAT,ZNF217_Hg19_10467.1:302,variant,ZNF217,chr20,53577339,53577388
RTS0108668,GTGACAAGCCGG,ZNF217_Hg19_14196.1:556,variant,ZNF217,chr20,53581334,53581371
RTS0108669,GAGTTCTAGTCG,ZNF217_Hg19_1454.1:96,variant,ZNF217,chr20,53568135,53568169
RTS0108670,CGAGTAGCTGCC,ZNF217_Hg19_16424.1:102,variant,ZNF217,chr20,53583096,53583145
RTS0108671,AATATGTACGCT,ZNF217_Hg19_2618.1:6,variant,ZNF217,chr20,53569194,53569243
RTS0108672,CATATGACTTAT,ZNF217_Hg19_3944.1:308,variant,ZNF217,chr20,53570834,53570871
RTS0108673,CAGACAACCACG,ZNF217_Hg19_6265.1:62,variant,ZNF217,chr20,53572897,53572946
RTS0108674,ACTCCGTAGAGA,ZNF217_Hg19_8349.1:15,variant,ZNF217,chr20,53574934,53574983
RTS0108675,CTACTCATTCAG,ZNF217_Hg19_8848.1:30,variant,ZNF217,chr20,53575448,53575497
RTS0108676,CTGATGCGCGAG,CDKN2A_632.1:18,variant,CDKN2A,chr9,21967968,21968002
RTS0108677,AGCGTTCTCGCA,CDKN2A_4172.1:17,variant,CDKN2A,chr9,21971457,21971541
RTS0108678,ATTATCTTCGCG,CDKN2A_7033.1:15,variant,CDKN2A,chr9,21974351,21974400
RTS0108679,CAAGGAGCCGCT,CDKN2A_10274.1:257,variant,CDKN2A,chr9,21977834,21977883
RTS0108680,AGATAGAACAAC,CDKN2A_13995.1:8,variant,CDKN2A,chr9,21981306,21981355
RTS0108681,CCTCCGCCTCCT,CDKN2A_16989.1:297,variant,CDKN2A,chr9,21984589,21984638
RTS0108682,GTCTGGTGTTAC,CDKN2A_19647.1:21,variant,CDKN2A,chr9,21986971,21987020
RTS0108683,GCCAGTGTTCGT,CDKN2A_22161.1:136,variant,CDKN2A,chr9,21989599,21989643
RTS0108684,ATCTATGAATCT,CDKN2A_25885.1:304,variant,CDKN2A,chr9,21993442,21993531
RTS0108685,TGGAGTCTCCTC,CDKN2A_27965.1:16,variant,CDKN2A,chr9,21995290,21995328
RTS0108686,CAATGATCCGTA,EGFR_183573.1:245,variant,EGFR,chr7,55028212,55028311
RTS0108687,CGCACATCTAGG,EGFR_161171.1:147,variant,EGFR,chr7,55050762,55050811
RTS0108688,GCAATTAGCGTC,EGFR_140931.1:23,variant,EGFR,chr7,55071126,55071175
RTS0108689,GAGAGAGTACGA,EGFR_120690.1:52,variant,EGFR,chr7,55091338,55091387
RTS0108690,CACATTAATAGT,EGFR_100801.1:56,variant,EGFR,chr7,55111223,55111272
RTS0108691,GAACCTGTTATG,EGFR_81339.1:5,variant,EGFR,chr7,55130736,55130771
RTS0108692,TGGAACTGTTGA,EGFR_60815.1:29,variant,EGFR,chr7,55151236,55151285
RTS0108693,GGAGGCAGACGT,EGFR_41262.1:42,variant,EGFR,chr7,55170776,55170810
RTS0108694,TATCTCTTCGAT,EGFR_23121.1:26,variant,EGFR,chr7,55188933,55188982
RTS0108695,GTAGGTCATGAC,EGFR_4469.1:346,variant,EGFR,chr7,55207265,55207314
RTS0108696,GTACGGCCTATC,ERBB2_30546.1:96,variant,ERBB2,chr17,39698631,39698721
RTS0108697,AGAGTCCACACG,ERBB2_25777.1:78,variant,ERBB2,chr17,39703459,39703508
RTS0108698,AGCAATCCACCT,ERBB2_22349.1:97,variant,ERBB2,chr17,39706833,39706906
RTS0108699,ATAATAAGAGAG,ERBB2_20003.1:15,variant,ERBB2,chr17,39709296,39709345
RTS0108700,TGGCCTATAAGG,ERBB2_16650.1:163,variant,ERBB2,chr17,39712501,39712536
RTS0108701,TACAGAGCACAA,ERBB2_15042.1:76,variant,ERBB2,chr17,39714196,39714245
RTS0108702,GTCTCACGTCAC,ERBB2_12232.1:35,variant,ERBB2,chr17,39717047,39717094
RTS0108703,TACTGCGTCTCC,ERBB2_8735.1:49,variant,ERBB2,chr17,39720530,39720576
RTS0108704,CCGAACATGTAT,ERBB2_3897.1:285,variant,ERBB2,chr17,39725132,39725172
RTS0108705,GTGAGACATGAC,ERBB2_702.1:180,variant,ERBB2,chr17,39728432,39728472
RTS0108706,GAACCATCATTG,MYC_1059.1:0,variant,MYC,chr8,127740827,127740874
RTS0108707,TGTTGGAAGGTC,MYC_2036.1:4,variant,MYC,chr8,127739846,127739895
RTS0108708,TGTGGTGTTACT,MYC_2036.1:76,variant,MYC,chr8,127739774,127739811
RTS0108709,TCGCCGAAGTAC,MYC_2391.1:2,variant,MYC,chr8,127739493,127739527
RTS0108710,GGTAGTGTCGGC,MYC_2391.1:231,variant,MYC,chr8,127739264,127739313
RTS0108711,TCTAATACGAAG,MYC_3242.1:4,variant,MYC,chr8,127738640,127738681
RTS0108712,CAGCTTCTACTC,MYC_3554.1:2,variant,MYC,chr8,127738330,127738370
RTS0108713,TTACGACGGCGT,MYC_3799.1:166,variant,MYC,chr8,127737921,127737955
RTS0108714,TCCAGATCATGA,MYC_4471.1:75,variant,MYC,chr8,127737340,127737374
RTS0108715,CATCGAGGATAC,MYC_4925.1:294,variant,MYC,chr8,127736667,127736716
RTS0108716,TTCACGGATCAC,chrY_13591869.1:30,invariant,chrY_13591869.1:30,chrY,12970595,12970644
RTS0108717,GCGTTCGAGCGA,chrY_211.1:84,invariant,chrY_211.1:84,chrY,2787149,2787200
RTS0108718,AGGAGTCCTGAC,chrY_6857784.1:111,invariant,chrY_6857784.1:111,chrY,6929854,6929903
RTS0108719,TCTAACCTGATG,gap0008_624343.1:0,invariant,gap0008_624343.1:0,chr1,116759348,116759397
RTS0108720,TGCGCGTCAACA,gap0009_367238.1:25,invariant,gap0009_367238.1:25,chr1,150190278,150190323
RTS0108721,TGATTACATCTG,gap0024_2081202.1:0,invariant,gap0024_2081202.1:0,chr2,84890506,84890555
RTS0108722,CGTTAAGATGTC,gap0025_631171.1:22,invariant,gap0025_631171.1:22,chr2,110791619,110791668
RTS0108723,CTTCCTGCCAAC,gap0040_732186.1:39,invariant,gap0040_732186.1:39,chr3,85386090,85386139
RTS0108724,TTACGTAGCACT,gap0041_1176522.1:0,invariant,gap0041_1176522.1:0,chr3,106125568,106125617
RTS0108725,GGAGAGACTTGG,gap0056_449066.1:0,invariant,gap0056_449066.1:0,chr4,45974644,45974693
RTS0108726,AGCTAGTATTCT,gap0057s_582402.1:61,invariant,gap0057s_582402.1:61,chr4,66865961,66866010
RTS0108727,GTGGAATCATCG,gap0072_781522.1:0,invariant,gap0072_781522.1:0,chr5,44338912,44338961
RTS0108728,GGTTCGCAACTG,gap0073_491700.1:0,invariant,gap0073_491700.1:0,chr5,64899570,64899619
RTS0108729,CCGATTGGTCCG,gap0088_308685.1:40,invariant,gap0088_308685.1:40,chr6,55295592,55295641
RTS0108730,GCGCCACTCAAG,gap0089_706205.1:51,invariant,gap0089_706205.1:51,chr6,72871051,72871100
RTS0108731,AAGACGAGTCGC,gap0104_391998.1:0,invariant,gap0104_391998.1:0,chr7,54712593,54712630
RTS0108732,ATGCCGTGACGC,gap0105_763524.1:0,invariant,gap0105_763524.1:0,chr7,71923173,71923217
RTS0108733,AGTCCGCGTCCG,gap0120_702944.1:36,invariant,gap0120_702944.1:36,chr8,43041981,43042020
RTS0108734,CATGAACTAGAA,gap0121_347804.1:2,invariant,gap0121_347804.1:2,chr8,56533791,56533830
RTS0108735,CGAGTAGTAGAC,gap0135_1084274.1:0,invariant,gap0135_1084274.1:0,chr9,37448095,37448144
RTS0108736,TACTCGCCAGAG,gap0137_1483533.1:10,invariant,gap0137_1483533.1:10,chr9,71632095,71632144
RTS0108737,TATAACCAGATA,gap0152_532700.1:65,invariant,gap0152_532700.1:65,chr10,36638635,36638684
RTS0108738,GTTACAGGACCT,gap0153_337861.1:28,invariant,gap0153_337861.1:28,chr10,49336841,49336890
RTS0108739,CGGTAACTCCAG,gap0168_510255.1:3,invariant,gap0168_510255.1:3,chr11,47552159,47552202
RTS0108740,CCGAGTACGATC,gap0169_1661296.1:0,invariant,gap0169_1661296.1:0,chr11,62928766,62928807
RTS0108741,CGACATTATCTC,gap0184_390157.1:0,invariant,gap0184_390157.1:0,chr12,32572855,32572904
RTS0108742,TTCTGACTATGT,gap0185_1365468.1:0,invariant,gap0185_1365468.1:0,chr12,48005012,48005061
RTS0108743,CGGAACATTACA,gap0201_545030.1:50,invariant,gap0201_545030.1:50,chr13,28667581,28667630
RTS0108744,CTCGCGTTGACT,gap0202_851123.1:35,invariant,gap0202_851123.1:35,chr13,40212408,40212457
RTS0108745,CTGCCGGTGCAC,gap0217_676742.1:0,invariant,gap0217_676742.1:0,chr14,27536627,27536676
RTS0108746,CCGCAGACACCG,gap0218_409420.1:19,invariant,gap0218_409420.1:19,chr14,38743861,38743898
RTS0108747,TGCTACGATGCG,gap0233_397650.1:40,invariant,gap0233_397650.1:40,chr15,29060809,29060853
RTS0108748,CGTCCTGCGGAA,gap0234_1475317.1:25,invariant,gap0234_1475317.1:25,chr15,37345346,37345395
RTS0108749,CGCTGATGTGGT,gap0248_546099.1:73,invariant,gap0248_546099.1:73,chr16,34994869,34994918
RTS0108750,TCGTAGCATTCG,gap0249_204420.1:17,invariant,gap0249_204420.1:17,chr16,50063609,50063646
RTS0108751,CTACATGAGACG,gap0264_245245.1:33,invariant,gap0264_245245.1:33,chr17,21167736,21167785
RTS0108752,GAAGGCTAAGAG,gap0265_265047.1:31,invariant,gap0265_265047.1:31,chr17,33194768,33194810
RTS0108753,GGACGTCCAAGC,gap0280_306390.1:0,invariant,gap0280_306390.1:0,chr18,13802319,13802368
RTS0108754,CATATTCAACAC,gap0281_429713.1:25,invariant,gap0281_429713.1:25,chr18,27921948,27921985
RTS0108755,TCTCGTACAGAC,gap0296s_446052.1:60,invariant,gap0296s_446052.1:60,chr19,19652143,19652184
RTS0108756,CTAACAACGCCA,gap0297_512105.1:53,invariant,gap0297_512105.1:53,chr19,30210585,30210622
RTS0108757,CAGTCGGTTAGA,gap0312_143033.1:18,invariant,gap0312_143033.1:18,chr20,24587115,24587164
RTS0108758,GTAGGTGAGTTG,gap0313_497807.1:22,invariant,gap0313_497807.1:22,chr20,33995333,33995372
RTS0108759,TAACATCTACAC,gap0329_265682.1:60,invariant,gap0329_265682.1:60,chr21,16837991,16838040
RTS0108760,GTAAGGTACACT,gap0331_553711.1:0,invariant,gap0331_553711.1:0,chr21,24515493,24515542
RTS0108761,GTAGACATTGCG,gap0345_654680.1:104,invariant,gap0345_654680.1:104,chr22,20240297,20240338
RTS0108762,ATCGAATAATCT,gap0346_328190.1:65,invariant,gap0346_328190.1:65,chr22,24513176,24513223
RTS0108763,GACAGCATGGAT,gap0358_1408258.1:0,invariant,gap0358_1408258.1:0,chrX,42894607,42894656
RTS0108764,TTGCGCCGAGTC,gap0360_1225888.1:36,invariant,gap0360_1225888.1:36,chrX,54977527,54977576
RTS0108765,CCATCATATTCA,gap0361_991094.1:0,invariant,gap0361_991094.1:0,chrX,72732982,72733031
RTS0108766,ACGAGTTACCAC,gap0362_5811174.1:0,invariant,gap0362_5811174.1:0,chrX,87971676,87971725
RTS0108767,AGAAGGAAGTCG,gap0363_122921.1:0,invariant,gap0363_122921.1:0,chrX,94055937,94055986
RTS0108768,TTCGCAGTGTTG,gap0372_739916.1:139,invariant,gap0372_739916.1:139,chrY,8812015,8812064
RTS0108769,CGTAAGTCGAAT,gap0373_318866.1:0,invariant,gap0373_318866.1:0,chrY,13697593,13697642
RTS0108770,CAATAGGAGTGC,ERCC_00003.1:705,ercc,ERCC_00003.1:705,,,
RTS0108771,TATAGCCGTGAT,ERCC_00013.1:513,ercc,ERCC_00013.1:513,,,
RTS0108772,CCTACGGCTGAA,ERCC_00014.1:1107,ercc,ERCC_00014.1:1107,,,
RTS0108773,CGTGTTGCTCGT,ERCC_00014.1:774,ercc,ERCC_00014.1:774,,,
RTS0108774,TTGGATCTGGCC,ERCC_00014.1:9,ercc,ERCC_00014.1:9,,,
RTS0108775,ATCGATCAGACG,ERCC_00018.1:459,ercc,ERCC_00018.1:459,,,
RTS0108776,AGTGTGACTTCT,ERCC_00023.1:99,ercc,ERCC_00023.1:99,,,
RTS0108777,CAGTCCTAGGCT,ERCC_00024.1:472,ercc,ERCC_00024.1:472,,,
RTS0108778,TTCGCTCTAACT,ERCC_00025.1:297,ercc,ERCC_00025.1:297,,,
RTS0108779,TTAACGTTCAAG,ERCC_00028.1:515,ercc,ERCC_00028.1:515,,,
RTS0108780,GATGCTTCGCAG,ERCC_00028.1:555,ercc,ERCC_00028.1:555,,,
RTS0108781,GTTGTTCCGTTG,ERCC_00031.1:135,ercc,ERCC_00031.1:135,,,
RTS0108782,TGACGAACCAAT,ERCC_00033.1:252,ercc,ERCC_00033.1:252,,,
RTS0108783,GCTTGCTTACGC,ERCC_00043.1:909,ercc,ERCC_00043.1:909,,,
RTS0108784,GATTACCGAATA,ERCC_00046.1:386,ercc,ERCC_00046.1:386,,,
RTS0108785,ATGTCTATTCCT,ERCC_00048.1:630,ercc,ERCC_00048.1:630,,,
RTS0108786,GCCACAACCTCT,ERCC_00048.1:882,ercc,ERCC_00048.1:882,,,
RTS0108787,GTCGTTCCGCTC,ERCC_00057.1:945,ercc,ERCC_00057.1:945,,,
RTS0108788,ACCTGTATCAGG,ERCC_00061.1:1044,ercc,ERCC_00061.1:1044,,,
RTS0108789,CCGTTCATCACG,ERCC_00061.1:153,ercc,ERCC_00061.1:153,,,
RTS0108790,ATTGCGGACGCG,ERCC_00076.1:477,ercc,ERCC_00076.1:477,,,
RTS0108791,TGAAGCCGCTTA,ERCC_00084.1:107,ercc,ERCC_00084.1:107,,,
RTS0108792,CGTATCAGGCGA,ERCC_00084.1:775,ercc,ERCC_00084.1:775,,,
RTS0108793,AGATGCGAGAAC,ERCC_00086.1:756,ercc,ERCC_00086.1:756,,,
RTS0108794,TTACAAGGATCT,ERCC_00092.1:495,ercc,ERCC_00092.1:495,,,
RTS0108795,GTCGGTTCTGCT,ERCC_00099.1:351,ercc,ERCC_00099.1:351,,,
RTS0108796,ATACGATCTCTT,ERCC_00104.1:414,ercc,ERCC_00104.1:414,,,
RTS0108797,ACCAAGGAATGA,ERCC_00109.1:455,ercc,ERCC_00109.1:455,,,
RTS0108798,GACAACTCTTGG,ERCC_00112.1:99,ercc,ERCC_00112.1:99,,,
RTS0108799,CGTCTAATATTG,ERCC_00116.1:1449,ercc,ERCC_00116.1:1449,,,
RTS0108800,TAGCGACACCTA,ERCC_00120.1:321,ercc,ERCC_00120.1:321,,,
RTS0108801,GCCATTACTGGA,ERCC_00128.1:329,ercc,ERCC_00128.1:329,,,
RTS0108802,CTGAGCCGTGCC,ERCC_00130.1:666,ercc,ERCC_00130.1:666,,,
RTS0108803,GTGATAGGACGC,ERCC_00136.1:243,ercc,ERCC_00136.1:243,,,
RTS0108804,ACTAACATAGCT,ERCC_00143.1:306,ercc,ERCC_00143.1:306,,,
RTS0108805,TGCCTTGGTGTC,ERCC_00143.1:612,ercc,ERCC_00143.1:612,,,
RTS0108806,TCCGAGCAACAC,ERCC_00144.1:171,ercc,ERCC_00144.1:171,,,
RTS0108807,TCCAGACTGCTG,ERCC_00145.1:279,ercc,ERCC_00145.1:279,,,
RTS0108808,GGTAACGCGCGA,ERCC_00145.1:531,ercc,ERCC_00145.1:531,,,
RTS0108809,GCCTACAATGGA,CT47dot1_1565.1:80,multicopy,CD47,chrX,120945206,120945255
RTS0108810,GCCATATCTGAG,CT47dot6_814.1:115,multicopy,CT47,chrX,120944494,120944539
RTS0108811,AGCACCTAAGGT,DUX4_12494.1:729,multicopy,DUX4,chr10,190067401,190067435
RTS0108812,ATCCAACGGTGC,PRR20A_198.1:227,multicopy,PRR20A,chr13,57141345,57141391
RTS0108813,CTGGCAATTGGT,PRR20A_584.1:530,multicopy,PRR20A,chr13,57142031,57142080
RTS0108814,GGACCGCTGGTC,REXO1L1P_1116.1:30,multicopy,REXO1L1P,chr8,85661597,85661631
RTS0108815,CCATGGATCCGC,REXO1L1P_2269.1:103,multicopy,REXO1L1P,chr8,85655979,85656020
RTS0108816,AAGCTATGCTCG,TBC1D3_3245.1:43,multicopy,TBC1D3,chr17,37927776,37927810
RTS0108817,ATTCACGCGTAG,TBC1D3_811.1:163,multicopy,TBC1D3,chr17,37925452,37925496
,,,,,,,
,,,,,,,
,,,,,,,
,,,,,,,
,,,,,,,
,,,,,,,
,,,,,,,
,,,,,,,
,,,,,,,
,,,,,,,
,,,,,,,
,,,,,,,
,,,,,,,
,,,,,,,
,,,,,,,
,,,,,,,
,,,,,,,
,,,,,,,
,,,,,,,
,,,,,,,
